#{"t_start": 1587119335.8969321, "env_id": "JacoGazebo-v1"}
r,l,t
-21.673843,50,26.315576
-19.766873,50,50.467795
