#{"t_start": 1585918699.727949, "env_id": "JacoGazebo-v1"}
r,l,t
-18.438264,50,109.770339
-22.205941,50,216.129387
